{"(1.0, 10.0)": [0.21872286980071348, 0.29265709512100591], "(1.0, 1.0)": [0.21892523384341581, 0.29219997949842652], "(0.0, 10.0)": [0.32796886159608707, 0.52363421654368836], "(10.0, 0.0)": [0.32996450208469358, 0.48840483762007791], "(0.0, 0.0)": [0.33605963399135313, 0.52254576535931019], "(10.0, 10.0)": [0.33528318492285403, 0.49294747020864227], "(0.0, 1.0)": [0.33296066289955684, 0.52427306562074583], "(10.0, 1.0)": [0.33084634103509059, 0.49090226512675866], "(1.0, 0.0)": [0.21686661026295104, 0.29214215186158538]}