{"(1.0600000000000003, 1.0)": [0.08465874449289101, 0.0923695787690714], "(1.2000000000000004, 1.0)": [0.06913924118768126, 0.09283640183366547], "(1.0, 1.0)": [0.09599916044353608, 0.09665706135608726], "(1.1800000000000002, 1.0)": [0.06842707106963232, 0.09199227638160641], "(1.1500000000000001, 1.0)": [0.06825885300525555, 0.09116354960064268], "(0.88000000000000012, 1.0)": [0.11924530529594024, 0.11381004455519055], "(0.84000000000000008, 10.0)": [0.1270180093689149, 0.12212938276625367], "(1.1000000000000003, 1.0)": [0.07726530276796907, 0.09109930147578577], "(1.0400000000000003, 0.0)": [0.09088726869641944, 0.0956295487634954], "(0.8600000000000001, 1.0)": [0.12315017395035938, 0.11770216319169836], "(0.9800000000000002, 1.0)": [0.09983278490086958, 0.09873478595539317], "(10.0, -1.0)": [0.2765113576639154, 0.34505225640699827], "(0.0, 0.0)": [0.2725712044323679, 0.3971133216410045], "(0.80000000000000004, 10.0)": [0.13465202182636543, 0.13109402489709615], "(0.80000000000000004, 1.0)": [0.134833831712939, 0.1309371294525725], "(0.84000000000000008, 1.0)": [0.12705290578513065, 0.12186175294112334], "(1.1800000000000004, 10.0)": [0.07086144231695608, 0.09327669635835853], "(1.1000000000000003, 10.0)": [0.07837114431268893, 0.09219512739135471], "(-1.0, -10.0)": [0.31273613355128554, 0.37367815760331313], "(-0.10000000000000001, -1.0)": [0.2930657809139932, 0.4200151124297532], "(0.10000000000000001, 10.0)": [0.249897655434522, 0.3668693863193185], "(1.0, 10.0)": [0.09660724691763305, 0.09744039923146618], "(0.10000000000000001, -10.0)": [0.2509182610911522, 0.36688460120421656], "(1.0200000000000002, 1.0)": [0.09219005737309832, 0.09490385537170307], "(0.94000000000000017, 0.0)": [0.10933116402571313, 0.10621097998631569], "(1.1900000000000002, 1.0)": [0.06878923203061536, 0.09238677200017956], "(-0.10000000000000001, 1.0)": [0.28652519445539437, 0.42176376133961296], "(1.0200000000000002, 0.0)": [0.09450797716732497, 0.09711433353861183], "(-0.10000000000000001, -0.10000000000000001)": [0.2896446695031421, 0.4203487768879151], "(1.1600000000000004, 10.0)": [0.07008712171915095, 0.09262192786545222], "(1.05, 1.0)": [0.08652968030402848, 0.09288254613921579], "(0.9800000000000002, 10.0)": [0.10035306801406998, 0.09945065873553542], "(10.0, -0.10000000000000001)": [0.2748526089356771, 0.34223961450561363], "(-1.0, 0.10000000000000001)": [0.31104971278002863, 0.37006624127057075], "(10.0, 1.0)": [0.270478996820434, 0.3436754454578531], "(-10.0, -1.0)": [0.36064380574483984, 0.3966315597705641], "(0.0, -1.0)": [0.27465816952616096, 0.39623615911492877], "(1.1200000000000003, 1.0)": [0.0736286799308596, 0.09091493710290476], "(0.8600000000000001, 10.0)": [0.12319013928758692, 0.11802856148750165], "(0.82000000000000006, 10.0)": [0.13084023623993568, 0.12648838511524688], "(1.0800000000000001, 1.0)": [0.08094312942382238, 0.09158036676826713], "(1.1800000000000004, 0.0)": [0.069397132075184, 0.09358794831820601], "(1.0000000000000002, 1.0)": [0.09599916045628944, 0.0966570613654224], "(1.1400000000000003, 1.0)": [0.07003682297240071, 0.09101330064194528], "(10.0, 10.0)": [0.2721483295554247, 0.34531738044718696], "(-10.0, -10.0)": [0.35808991567777276, 0.39769343549460623], "(1.0900000000000001, 1.0)": [0.07909928177034775, 0.09130196766229279], "(0.90000000000000013, 1.0)": [0.11534258664161237, 0.11019673252800272], "(-10.0, 0.10000000000000001)": [0.35729812342658396, 0.39362936407884425], "(0.82000000000000006, 1.0)": [0.13094901970239517, 0.12627726352493576], "(0.88000000000000012, 0.0)": [0.12067796021131445, 0.11621452608691554], "(-1.0, -1.0)": [0.31200362096658324, 0.37200921104944296], "(1.1000000000000001, 1.0)": [0.07726530276796907, 0.09109930147578577], "(1.1600000000000004, 1.0)": [0.06766500626980018, 0.0913783123001285], "(1.0800000000000003, 0.0)": [0.08378023197627989, 0.09360025679212361], "(1.1700000000000002, 1.0)": [0.0680524382762864, 0.09165533016351307], "(0.9800000000000002, 0.0)": [0.10186057991074055, 0.10103567147046826], "(1.1200000000000001, 1.0)": [0.0736286799308596, 0.09091493710290476], "(1.1100000000000001, 1.0)": [0.07544162250494377, 0.09097085024804802], "(1.2000000000000002, 1.0)": [0.06913924118187341, 0.092836401852407], "(1.1000000000000003, 0.0)": [0.080303598618136, 0.09304272724017365], "(1.2, 10.0)": [0.07158584335781075, 0.09415738241413274], "(-1.0, 1.0)": [0.3117985571619098, 0.372832011701715], "(1.04, 1.0)": [0.08840881849728005, 0.093475544339176], "(0.8600000000000001, 0.0)": [0.12447880403162431, 0.12011007741485445], "(0.92000000000000015, 0.0)": [0.11309930894775233, 0.10925508390206105], "(1.2100000000000002, 1.0)": [0.06947741129499926, 0.09333872968757033], "(0.0, 10.0)": [0.27077594765206436, 0.39693989205298513], "(-0.10000000000000001, 0.10000000000000001)": [0.2871874043406264, 0.42074224959456014], "(1.1800000000000004, 1.0)": [0.06842707106963232, 0.09199227638160641], "(1.1400000000000003, 0.0)": [0.07353016127858301, 0.09278920044954651], "(0.94000000000000017, 10.0)": [0.10791245471292597, 0.10443034381751412], "(1.0700000000000001, 1.0)": [0.08279642287974151, 0.09193584719697426], "(1.0400000000000003, 10.0)": [0.08920260204303249, 0.09439079836733376], "(1.2000000000000004, 0.0)": [0.07073750078891249, 0.0943397868189141], "(1.2000000000000004, 10.0)": [0.07158584336075925, 0.09415738237753063], "(0.88000000000000012, 10.0)": [0.11936125427096338, 0.11419738507810026], "(1.0, 0.0)": [0.09816726585205829, 0.09891652016013495], "(1.1400000000000003, 10.0)": [0.07138130592985664, 0.09221181900031643], "(1.0600000000000001, 1.0)": [0.08465874449289101, 0.0923695787690714], "(1.0000000000000002, 10.0)": [0.09660724689507057, 0.09744039920597251], "(1.03, 1.0)": [0.09029574799926782, 0.09414917670051745], "(1.1400000000000001, 1.0)": [0.07003682297240071, 0.09101330064194528], "(1.1200000000000003, 10.0)": [0.07485021758665125, 0.09206412922443126], "(0.0, -0.10000000000000001)": [0.27360521870443033, 0.3969708185500385], "(1.2200000000000002, 1.0)": [0.06980404793228705, 0.09389131254595269], "(1.0600000000000003, 0.0)": [0.08730976884672761, 0.09445989077694435], "(10.0, 0.0)": [0.2741689378165515, 0.3420228715026509], "(0.92000000000000015, 1.0)": [0.11144612071497596, 0.10687309020068012], "(0.10000000000000001, 0.0)": [0.25551666877891444, 0.36785133460369485], "(-10.0, 10.0)": [0.3570243732841019, 0.39747802999611276], "(0.90000000000000013, 10.0)": [0.1155358221465921, 0.11064702670902456], "(-10.0, -0.10000000000000001)": [0.358580816265411, 0.39374844167863443], "(10.0, 0.10000000000000001)": [0.2734734350382511, 0.3419653279903839], "(0.0, -10.0)": [0.2718243590398798, 0.3968640974797176], "(-0.10000000000000001, 10.0)": [0.29046609533831436, 0.42120661699779083], "(10.0, -10.0)": [0.2733720362627476, 0.3456642140172825], "(0.92000000000000015, 10.0)": [0.11171816114066466, 0.10738810102208757], "(1.0200000000000002, 10.0)": [0.09288914872244601, 0.09575387837256263], "(1.0800000000000003, 1.0)": [0.08094312942382238, 0.09158036676826713], "(1.0, -0.10000000000000001)": [0.09850022930236398, 0.09937543699769884], "(1.0, -1.0)": [0.09874822396867423, 0.10012891872429466], "(0.10000000000000001, 1.0)": [0.2491013492401293, 0.36768415380926217], "(1.1200000000000003, 0.0)": [0.07688506473223067, 0.09277670876367322], "(0.96000000000000019, 10.0)": [0.10412276805281881, 0.10178224574938324], "(1.0, -10.0)": [0.09786992074370562, 0.09868972908341414], "(1.0800000000000003, 10.0)": [0.08193962689678269, 0.0926191041557058], "(1.0, 0.10000000000000001)": [0.09785511080988953, 0.09853315893068182], "(0.80000000000000004, 0.0)": [0.13586636373055785, 0.13333076295829893], "(-1.0, 10.0)": [0.31260139883944676, 0.37370047059679823], "(0.10000000000000001, 0.10000000000000001)": [0.25490037796780785, 0.3679433678218842], "(-1.0, 0.0)": [0.31104300470128915, 0.36984979709690996], "(0.96000000000000019, 1.0)": [0.103687515564977, 0.10113396765784854],