{"(0.95000000000000007, -10.0)": [0.10744343073183317, 0.10559756561713025], "(1.2500000000000004, 0.10000000000000001)": [0.07536500785835586, 0.09830312535801503], "(1.0, 1.0)": [0.09641803002062703, 0.0980907795506498], "(1.0, 0.20000000000000001)": [0.0979673436132256, 0.0996294969385244], "(0.59999999999999998, 1.0)": [0.17197770934393636, 0.1895124894716893], "(1.0500000000000003, 0.10000000000000001)": [0.08914540810620496, 0.09608545005418426], "(0.90000000000000002, -0.10000000000000001)": [0.11738793255981611, 0.11422209905740073], "(1.2000000000000002, 10.0)": [0.07353683614652834, 0.09575453332746611], "(1.0500000000000003, -0.10000000000000001)": [0.0899286696109408, 0.09695264889657759], "(0.90000000000000002, 0.0)": [0.11719296881857313, 0.11383259855283656], "(1.1000000000000001, 0.10000000000000001)": [0.08031709659276526, 0.09417280173933187], "(1.0, 0.0)": [0.09855666723125328, 0.10031567869555055], "(0.79999999999999993, 1.0)": [0.13508113790130244, 0.13204697809228652], "(0.90000000000000002, 0.10000000000000001)": [0.11700973172894194, 0.11348484967255815], "(0.90000000000000002, -1.0)": [0.11719464837002241, 0.11441351325778333], "(0.0, 0.0)": [0.2727268474740153, 0.3978117383955158], "(1.1000000000000001, -10.0)": [0.08055376160074934, 0.0950584760500757], "(1.2500000000000004, -0.10000000000000001)": [0.07668741310487984, 0.09916135180070329], "(1.1500000000000004, 0.0)": [0.0724010189119317, 0.09444642391953724], "(1.2000000000000002, -0.10000000000000001)": [0.0734975391367743, 0.09640935556782142], "(0.90000000000000002, 1.0)": [0.11567112560094892, 0.11146270739308392], "(1.3000000000000003, 0.0)": [0.07945237917531411, 0.10243910107102631], "(1.0, 2.0)": [0.096017937561651348, 0.097790194459352844], "(0.95000000000000007, 0.0)": [0.10780329503154366, 0.10612259933627771], "(1.0500000000000003, -1.0)": [0.09040231900920291, 0.09796902608152154], "(1.3000000000000003, 0.10000000000000001)": [0.07891507506536452, 0.10209612010722308], "(1.2500000000000004, 0.0)": [0.0760543457899113, 0.09866236168656449], "(1.3000000000000003, -0.10000000000000001)": [0.0799111003697096, 0.10292760595581293], "(1.0, 10.0)": [0.09700647202608258, 0.09887936504573225], "(0.5, 1.0)": [0.18799365036095875, 0.22386399271761906], "(1.2000000000000002, 1.0)": [0.07108156899160231, 0.09443360793224381], "(1.0, -1.0)": [0.09912326475191449, 0.10150526833895186], "(0.95000000000000007, -0.10000000000000001)": [0.10806164078216249, 0.10654650428254082], "(1.1000000000000001, 10.0)": [0.07886735423915034, 0.09375321476841465], "(1.3000000000000003, -1.0)": [0.079698340643158, 0.10496050987390802], "(0.95000000000000007, -1.0)": [0.10807981894069257, 0.10700187284316433], "(0.95000000000000007, 1.0)": [0.10599397765674727, 0.10380413208736265], "(1.2000000000000002, -1.0)": [0.07501200227133187, 0.09814129636969701], "(1.0, -10.0)": [0.09825548890901487, 0.10011709676227384], "(1.3000000000000003, -10.0)": [0.07783724194755366, 0.10405322850683417], "(1.1500000000000004, 1.0)": [0.06933692979459107, 0.09275040175021648], "(1.0, 0.10000000000000001)": [0.09825007850029643, 0.09993639970666], "(1.2000000000000002, 0.10000000000000001)": [0.07192141541063655, 0.09553074307403929], "(1.1000000000000001, 0.20000000000000001)": [0.07989217963107471, 0.0938842605668251], "(1.2500000000000004, 10.0)": [0.0753837422821859, 0.0988127777402007], "(1.1000000000000001, 2.0)": [0.077406207841361707, 0.092512924002042474], "(1.2500000000000004, -1.0)": [0.07737162496157, 0.10106131735538007], "(0.40000000000000002, 1.0)": [0.20337742040303083, 0.2603567693872201], "(0.95000000000000007, 10.0)": [0.1063706249400152, 0.10442532812097413], "(1.3000000000000003, 1.0)": [0.0753371560065309, 0.1014104766808803], "(0.0, 1.0)": [0.2674900835313811, 0.39838508193194555], "(1.1500000000000004, 10.0)": [0.07165683060847548, 0.0939725861341548], "(0.40000000000000002, 0.20000000000000001)": [0.20415096928461593, 0.26180512895073366], "(1.1000000000000001, 0.0)": [0.08077967991835959, 0.09456173572016062], "(0.90000000000000002, -10.0)": [0.11676578876048381, 0.11301385302689762], "(1.3000000000000003, 10.0)": [0.0772193790816718, 0.10285820987230795], "(1.1000000000000001, -1.0)": [0.08199711894438694, 0.09634323826849385], "(0.69999999999999996, 1.0)": [0.15408142429902089, 0.15850493657309686], "(0.90000000000000002, 2.0)": [0.11523067071941301, 0.11104130712509128], "(1.0500000000000003, 0.0)": [0.08952455054207224, 0.09647286228971835], "(1.2000000000000002, 0.0)": [0.07272485942173518, 0.09590419883513178], "(0.90000000000000002, 10.0)": [0.11584934153924765, 0.11192030450669814], "(1.1000000000000001, -0.10000000000000001)": [0.08127109159082754, 0.09505847596663486], "(1.1500000000000004, -1.0)": [0.07399541842572949, 0.09647752041348576], "(1.2500000000000004, 1.0)": [0.07291121040059474, 0.09741790118886727], "(0.5, 0.20000000000000001)": [0.18805424791844869, 0.2254782367684537], "(1.1000000000000001, 1.0)": [0.07778957640714651, 0.09265553427975194], "(1.0500000000000003, 1.0)": [0.0869988401433935, 0.09438670079714309], "(0.10000000000000001, 0.0)": [0.255754502948166, 0.3686010893380412], "(1.0500000000000003, -10.0)": [0.08926937871855281, 0.0966208257857309], "(1.2000000000000002, -10.0)": [0.07403409497205354, 0.0970343499612412], "(1.0, -0.10000000000000001)": [0.09888398782657729, 0.10077052597051886], "(0.90000000000000002, 0.20000000000000001)": [0.11683680348807543, 0.11317994281792133], "(0.95000000000000007, 0.10000000000000001)": [0.10756122005647316, 0.10575708115362677], "(1.1500000000000004, -0.10000000000000001)": [0.07299335460957104, 0.09495139377919157], "(1.1500000000000004, 0.10000000000000001)": [0.07184069499087306, 0.09406250823760288], "(1.2500000000000004, -10.0)": [0.07594725509297047, 0.1000546467730538], "(1.0500000000000003, 10.0)": [0.08781833132410052, 0.09533735848644337], "(1.1500000000000004, -10.0)": [0.07218311508131094, 0.09527544705455611]}